 Header1,Header2,Header3,Header4,Header5,Header6
1,2,3,4,5,6
1,2,3,4,5,6
1,2,3,4,5,6
1,2,3,4,5,6
1,2,3,4,5,6
1,2,3,4,5,6
1,2,3,4,5,6
1,2,3,4,5,6
1,2,3,4,5,6
1,2,3,4,5,6
1,2,3,4,5,6
1,2,3,4,5,6
1,2,3,4,5,6
1,2,3,4,5,6
1,2,3,4,5,6
1,2,3,4,5,6
1,2,3,4,5,6
1,2,3,4,5,6
1,2,3,4,5,6
1,2,3,4,5,6
1,2,3,4,5,6
1,2,3,4,5,6
1,2,3,4,5,6
1,2,3,4,5,6
1,2,3,4,5,6
1,2,3,4,5,6
1,2,3,4,5,6
1,2,3,4,5,6
1,2,3,4,5,6
1,2,3,4,5,6
1,2,3,4,5,6
1,2,3,4,5,6
1,2,3,4,5,6
1,2,3,4,5,6
1,2,3,4,5,6
1,2,3,4,5,6
1,2,3,4,5,6
1,2,3,4,5,6
1,2,3,4,5,6
1,2,3,4,5,6
1,2,3,4,5,6
1,2,3,4,5,6
1,2,3,4,5,6
1,2,3,4,5,6
1,2,3,4,5,6
1,2,3,4,5,6
1,2,3,4,5,6
1,2,3,4,5,6
1,2,3,4,5,6
1,2,3,4,5,6
1,2,3,4,5,6
1,2,3,4,5,6
1,2,3,4,5,6
1,2,3,4,5,6
1,2,3,4,5,6
1,2,3,4,5,6
1,2,3,4,5,6
1,2,3,4,5,6
1,2,3,4,5,6
1,2,3,4,5,6
1,2,3,4,5,6
1,2,3,4,5,6
1,2,3,4,5,6
1,2,3,4,5,6
1,2,3,4,5,6
1,2,3,4,5,6
1,2,3,4,5,6
1,2,3,4,5,6
1,2,3,4,5,6
1,2,3,4,5,6
1,2,3,4,5,6
1,2,3,4,5,6
1,2,3,4,5,6
1,2,3,4,5,6
1,2,3,4,5,6
1,2,3,4,5,6
1,2,3,4,5,6
1,2,3,4,5,6
1,2,3,4,5,6
1,2,3,4,5,6
1,2,3,4,5,6
1,2,3,4,5,6
1,2,3,4,5,6
1,2,3,4,5,6
1,2,3,4,5,6
1,2,3,4,5,6
1,2,3,4,5,6
1,2,3,4,5,6
1,2,3,4,5,6
1,2,3,4,5,6
1,2,3,4,5,6
1,2,3,4,5,6
1,2,3,4,5,6
1,2,3,4,5,6
1,2,3,4,5,6
1,2,3,4,5,6
1,2,3,4,5,6
1,2,3,4,5,6
1,2,3,4,5,6
1,2,3,4,5,6
1,2,3,4,5,6
1,2,3,4,5,6
1,2,3,4,5,6
1,2,3,4,5,6
1,2,3,4,5,6
1,2,3,4,5,6
1,2,3,4,5,6
1,2,3,4,5,6
1,2,3,4,5,6
1,2,3,4,5,6
1,2,3,4,5,6
1,2,3,4,5,6
1,2,3,4,5,6
1,2,3,4,5,6
1,2,3,4,5,6
1,2,3,4,5,6
1,2,3,4,5,6
1,2,3,4,5,6
1,2,3,4,5,6
1,2,3,4,5,6
1,2,3,4,5,6
1,2,3,4,5,6
1,2,3,4,5,6
1,2,3,4,5,6
1,2,3,4,5,6
1,2,3,4,5,6
1,2,3,4,5,6
1,2,3,4,5,6
1,2,3,4,5,6
1,2,3,4,5,6
1,2,3,4,5,6
1,2,3,4,5,6
1,2,3,4,5,6
1,2,3,4,5,6
1,2,3,4,5,6
1,2,3,4,5,6
1,2,3,4,5,6
1,2,3,4,5,6
1,2,3,4,5,6
1,2,3,4,5,6
1,2,3,4,5,6
1,2,3,4,5,6
1,2,3,4,5,6
1,2,3,4,5,6
1,2,3,4,5,6
1,2,3,4,5,6
1,2,3,4,5,6
1,2,3,4,5,6
1,2,3,4,5,6
1,2,3,4,5,6
1,2,3,4,5,6
1,2,3,4,5,6
1,2,3,4,5,6
1,2,3,4,5,6
1,2,3,4,5,6
1,2,3,4,5,6
1,2,3,4,5,6
1,2,3,4,5,6
1,2,3,4,5,6
1,2,3,4,5,6
1,2,3,4,5,6
1,2,3,4,5,6
1,2,3,4,5,6
1,2,3,4,5,6
1,2,3,4,5,6
1,2,3,4,5,6
1,2,3,4,5,6
1,2,3,4,5,6
1,2,3,4,5,6
1,2,3,4,5,6
1,2,3,4,5,6
1,2,3,4,5,6
1,2,3,4,5,6
1,2,3,4,5,6
1,2,3,4,5,6
1,2,3,4,5,6
1,2,3,4,5,6
1,2,3,4,5,6
1,2,3,4,5,6
1,2,3,4,5,6
1,2,3,4,5,6
1,2,3,4,5,6
1,2,3,4,5,6
1,2,3,4,5,6
1,2,3,4,5,6
1,2,3,4,5,6
1,2,3,4,5,6
1,2,3,4,5,6
1,2,3,4,5,6
1,2,3,4,5,6
1,2,3,4,5,6
1,2,3,4,5,6
1,2,3,4,5,6
1,2,3,4,5,6
1,2,3,4,5,6
1,2,3,4,5,6
1,2,3,4,5,6
1,2,3,4,5,6
1,2,3,4,5,6
1,2,3,4,5,6
1,2,3,4,5,6
1,2,3,4,5,6
1,2,3,4,5,6
1,2,3,4,5,6
1,2,3,4,5,6
1,2,3,4,5,6
1,2,3,4,5,6
1,2,3,4,5,6
1,2,3,4,5,6
1,2,3,4,5,6
1,2,3,4,5,6
1,2,3,4,5,6
1,2,3,4,5,6
1,2,3,4,5,6
1,2,3,4,5,6
1,2,3,4,5,6
1,2,3,4,5,6
1,2,3,4,5,6
1,2,3,4,5,6
1,2,3,4,5,6
1,2,3,4,5,6
1,2,3,4,5,6
1,2,3,4,5,6
1,2,3,4,5,6
1,2,3,4,5,6
1,2,3,4,5,6
1,2,3,4,5,6
1,2,3,4,5,6
1,2,3,4,5,6
1,2,3,4,5,6
1,2,3,4,5,6
1,2,3,4,5,6
1,2,3,4,5,6
1,2,3,4,5,6
1,2,3,4,5,6
1,2,3,4,5,6
1,2,3,4,5,6
1,2,3,4,5,6
1,2,3,4,5,6
1,2,3,4,5,6
1,2,3,4,5,6
1,2,3,4,5,6
1,2,3,4,5,6
1,2,3,4,5,6
1,2,3,4,5,6
1,2,3,4,5,6
1,2,3,4,5,6
1,2,3,4,5,6
1,2,3,4,5,6
1,2,3,4,5,6
1,2,3,4,5,6
1,2,3,4,5,6
1,2,3,4,5,6
1,2,3,4,5,6
1,2,3,4,5,6
1,2,3,4,5,6
1,2,3,4,5,6
1,2,3,4,5,6
1,2,3,4,5,6
1,2,3,4,5,6
1,2,3,4,5,6
1,2,3,4,5,6
1,2,3,4,5,6
1,2,3,4,5,6
1,2,3,4,5,6
1,2,3,4,5,6
1,2,3,4,5,6
1,2,3,4,5,6
1,2,3,4,5,6
1,2,3,4,5,6
1,2,3,4,5,6
1,2,3,4,5,6
1,2,3,4,5,6
1,2,3,4,5,6
1,2,3,4,5,6
1,2,3,4,5,6
1,2,3,4,5,6
1,2,3,4,5,6
1,2,3,4,5,6
1,2,3,4,5,6
1,2,3,4,5,6
1,2,3,4,5,6
1,2,3,4,5,6
1,2,3,4,5,6
1,2,3,4,5,6
1,2,3,4,5,6
1,2,3,4,5,6
1,2,3,4,5,6
1,2,3,4,5,6
1,2,3,4,5,6
1,2,3,4,5,6
1,2,3,4,5,6
1,2,3,4,5,6
1,2,3,4,5,6
1,2,3,4,5,6
1,2,3,4,5,6
1,2,3,4,5,6
1,2,3,4,5,6
1,2,3,4,5,6
1,2,3,4,5,6
1,2,3,4,5,6
1,2,3,4,5,6
1,2,3,4,5,6
1,2,3,4,5,6
1,2,3,4,5,6
1,2,3,4,5,6
1,2,3,4,5,6
1,2,3,4,5,6
1,2,3,4,5,6
1,2,3,4,5,6
1,2,3,4,5,6
1,2,3,4,5,6
1,2,3,4,5,6
1,2,3,4,5,6
1,2,3,4,5,6
1,2,3,4,5,6
1,2,3,4,5,6
1,2,3,4,5,6
1,2,3,4,5,6
1,2,3,4,5,6
1,2,3,4,5,6
1,2,3,4,5,6
1,2,3,4,5,6
1,2,3,4,5,6
1,2,3,4,5,6
1,2,3,4,5,6
1,2,3,4,5,6
1,2,3,4,5,6
1,2,3,4,5,6
1,2,3,4,5,6
1,2,3,4,5,6
1,2,3,4,5,6
1,2,3,4,5,6
1,2,3,4,5,6
1,2,3,4,5,6
1,2,3,4,5,6
1,2,3,4,5,6
1,2,3,4,5,6
1,2,3,4,5,6
1,2,3,4,5,6
1,2,3,4,5,6
1,2,3,4,5,6
1,2,3,4,5,6
1,2,3,4,5,6
1,2,3,4,5,6
1,2,3,4,5,6
1,2,3,4,5,6
1,2,3,4,5,6
1,2,3,4,5,6
1,2,3,4,5,6
1,2,3,4,5,6
1,2,3,4,5,6
1,2,3,4,5,6
1,2,3,4,5,6
1,2,3,4,5,6
1,2,3,4,5,6
1,2,3,4,5,6
1,2,3,4,5,6
1,2,3,4,5,6
1,2,3,4,5,6
1,2,3,4,5,6
1,2,3,4,5,6
1,2,3,4,5,6
1,2,3,4,5,6
1,2,3,4,5,6
1,2,3,4,5,6
1,2,3,4,5,6
1,2,3,4,5,6
1,2,3,4,5,6
1,2,3,4,5,6
1,2,3,4,5,6
1,2,3,4,5,6
1,2,3,4,5,6
1,2,3,4,5,6
1,2,3,4,5,6
1,2,3,4,5,6
1,2,3,4,5,6
1,2,3,4,5,6
1,2,3,4,5,6
1,2,3,4,5,6
1,2,3,4,5,6
1,2,3,4,5,6
1,2,3,4,5,6
1,2,3,4,5,6
1,2,3,4,5,6
1,2,3,4,5,6
1,2,3,4,5,6
1,2,3,4,5,6
1,2,3,4,5,6
1,2,3,4,5,6
1,2,3,4,5,6
1,2,3,4,5,6
1,2,3,4,5,6
1,2,3,4,5,6
1,2,3,4,5,6
1,2,3,4,5,6
1,2,3,4,5,6
1,2,3,4,5,6
1,2,3,4,5,6
1,2,3,4,5,6
1,2,3,4,5,6
1,2,3,4,5,6
1,2,3,4,5,6
1,2,3,4,5,6
1,2,3,4,5,6
1,2,3,4,5,6
1,2,3,4,5,6
1,2,3,4,5,6
1,2,3,4,5,6
1,2,3,4,5,6
1,2,3,4,5,6
1,2,3,4,5,6
1,2,3,4,5,6
1,2,3,4,5,6
1,2,3,4,5,6
1,2,3,4,5,6
1,2,3,4,5,6
1,2,3,4,5,6
1,2,3,4,5,6
1,2,3,4,5,6
1,2,3,4,5,6
1,2,3,4,5,6
1,2,3,4,5,6
1,2,3,4,5,6
1,2,3,4,5,6
1,2,3,4,5,6
1,2,3,4,5,6
1,2,3,4,5,6
1,2,3,4,5,6
1,2,3,4,5,6
1,2,3,4,5,6
1,2,3,4,5,6
1,2,3,4,5,6
1,2,3,4,5,6
1,2,3,4,5,6
1,2,3,4,5,6
1,2,3,4,5,6
1,2,3,4,5,6
1,2,3,4,5,6
1,2,3,4,5,6
1,2,3,4,5,6
1,2,3,4,5,6
1,2,3,4,5,6
1,2,3,4,5,6
1,2,3,4,5,6
1,2,3,4,5,6
1,2,3,4,5,6
1,2,3,4,5,6
1,2,3,4,5,6
1,2,3,4,5,6
1,2,3,4,5,6
1,2,3,4,5,6
1,2,3,4,5,6
1,2,3,4,5,6
1,2,3,4,5,6
1,2,3,4,5,6
1,2,3,4,5,6
1,2,3,4,5,6
1,2,3,4,5,6
1,2,3,4,5,6
1,2,3,4,5,6
1,2,3,4,5,6
1,2,3,4,5,6
1,2,3,4,5,6
1,2,3,4,5,6
1,2,3,4,5,6
1,2,3,4,5,6
1,2,3,4,5,6
1,2,3,4,5,6
1,2,3,4,5,6
1,2,3,4,5,6
1,2,3,4,5,6
1,2,3,4,5,6
1,2,3,4,5,6
1,2,3,4,5,6
1,2,3,4,5,6
1,2,3,4,5,6
1,2,3,4,5,6
1,2,3,4,5,6
1,2,3,4,5,6
1,2,3,4,5,6
1,2,3,4,5,6
1,2,3,4,5,6
1,2,3,4,5,6
1,2,3,4,5,6
1,2,3,4,5,6
1,2,3,4,5,6
1,2,3,4,5,6
1,2,3,4,5,6
1,2,3,4,5,6
1,2,3,4,5,6
1,2,3,4,5,6
1,2,3,4,5,6
1,2,3,4,5,6
1,2,3,4,5,6
1,2,3,4,5,6
1,2,3,4,5,6
1,2,3,4,5,6
1,2,3,4,5,6
1,2,3,4,5,6
1,2,3,4,5,6
1,2,3,4,5,6
1,2,3,4,5,6
1,2,3,4,5,6
1,2,3,4,5,6
1,2,3,4,5,6
1,2,3,4,5,6
1,2,3,4,5,6
1,2,3,4,5,6
1,2,3,4,5,6
1,2,3,4,5,6
1,2,3,4,5,6
1,2,3,4,5,6
1,2,3,4,5,6
1,2,3,4,5,6
1,2,3,4,5,6
1,2,3,4,5,6
1,2,3,4,5,6
1,2,3,4,5,6
1,2,3,4,5,6
1,2,3,4,5,6
1,2,3,4,5,6
1,2,3,4,5,6
1,2,3,4,5,6
1,2,3,4,5,6
1,2,3,4,5,6
1,2,3,4,5,6
1,2,3,4,5,6
1,2,3,4,5,6
1,2,3,4,5,6
1,2,3,4,5,6
1,2,3,4,5,6
1,2,3,4,5,6
1,2,3,4,5,6
1,2,3,4,5,6
1,2,3,4,5,6
1,2,3,4,5,6
1,2,3,4,5,6
1,2,3,4,5,6
1,2,3,4,5,6
1,2,3,4,5,6
1,2,3,4,5,6
1,2,3,4,5,6
1,2,3,4,5,6
1,2,3,4,5,6
1,2,3,4,5,6
1,2,3,4,5,6
1,2,3,4,5,6
1,2,3,4,5,6
1,2,3,4,5,6
1,2,3,4,5,6
1,2,3,4,5,6
1,2,3,4,5,6
1,2,3,4,5,6
1,2,3,4,5,6
1,2,3,4,5,6
1,2,3,4,5,6
1,2,3,4,5,6
1,2,3,4,5,6
1,2,3,4,5,6
1,2,3,4,5,6
1,2,3,4,5,6
1,2,3,4,5,6
1,2,3,4,5,6
1,2,3,4,5,6
1,2,3,4,5,6
1,2,3,4,5,6
1,2,3,4,5,6
1,2,3,4,5,6
1,2,3,4,5,6
1,2,3,4,5,6
1,2,3,4,5,6
1,2,3,4,5,6
1,2,3,4,5,6
1,2,3,4,5,6
1,2,3,4,5,6
1,2,3,4,5,6
1,2,3,4,5,6
1,2,3,4,5,6
1,2,3,4,5,6
1,2,3,4,5,6
1,2,3,4,5,6
1,2,3,4,5,6
1,2,3,4,5,6
1,2,3,4,5,6
1,2,3,4,5,6
1,2,3,4,5,6
1,2,3,4,5,6
1,2,3,4,5,6
1,2,3,4,5,6
1,2,3,4,5,6
1,2,3,4,5,6
1,2,3,4,5,6
1,2,3,4,5,6
1,2,3,4,5,6
1,2,3,4,5,6
1,2,3,4,5,6
1,2,3,4,5,6
1,2,3,4,5,6
1,2,3,4,5,6
1,2,3,4,5,6
1,2,3,4,5,6
1,2,3,4,5,6
1,2,3,4,5,6
1,2,3,4,5,6
1,2,3,4,5,6
1,2,3,4,5,6
1,2,3,4,5,6
1,2,3,4,5,6
1,2,3,4,5,6
1,2,3,4,5,6
1,2,3,4,5,6
1,2,3,4,5,6
1,2,3,4,5,6
1,2,3,4,5,6
1,2,3,4,5,6
1,2,3,4,5,6
1,2,3,4,5,6
1,2,3,4,5,6
1,2,3,4,5,6
1,2,3,4,5,6
1,2,3,4,5,6
1,2,3,4,5,6
1,2,3,4,5,6
1,2,3,4,5,6
1,2,3,4,5,6
1,2,3,4,5,6
1,2,3,4,5,6
1,2,3,4,5,6
1,2,3,4,5,6
1,2,3,4,5,6
1,2,3,4,5,6
1,2,3,4,5,6
1,2,3,4,5,6
1,2,3,4,5,6
1,2,3,4,5,6
1,2,3,4,5,6
1,2,3,4,5,6
1,2,3,4,5,6
1,2,3,4,5,6
1,2,3,4,5,6
1,2,3,4,5,6
1,2,3,4,5,6
1,2,3,4,5,6
1,2,3,4,5,6
1,2,3,4,5,6
1,2,3,4,5,6
1,2,3,4,5,6
1,2,3,4,5,6
1,2,3,4,5,6
1,2,3,4,5,6
1,2,3,4,5,6
1,2,3,4,5,6
1,2,3,4,5,6
1,2,3,4,5,6
1,2,3,4,5,6
1,2,3,4,5,6
1,2,3,4,5,6
1,2,3,4,5,6
1,2,3,4,5,6
1,2,3,4,5,6
1,2,3,4,5,6
1,2,3,4,5,6
1,2,3,4,5,6
1,2,3,4,5,6
1,2,3,4,5,6
1,2,3,4,5,6
1,2,3,4,5,6
1,2,3,4,5,6
1,2,3,4,5,6
1,2,3,4,5,6
1,2,3,4,5,6
1,2,3,4,5,6
1,2,3,4,5,6
1,2,3,4,5,6
1,2,3,4,5,6
1,2,3,4,5,6
1,2,3,4,5,6
1,2,3,4,5,6
1,2,3,4,5,6
1,2,3,4,5,6
1,2,3,4,5,6
1,2,3,4,5,6
1,2,3,4,5,6
1,2,3,4,5,6
1,2,3,4,5,6
1,2,3,4,5,6
1,2,3,4,5,6
1,2,3,4,5,6
1,2,3,4,5,6
1,2,3,4,5,6
1,2,3,4,5,6
1,2,3,4,5,6
1,2,3,4,5,6
1,2,3,4,5,6
1,2,3,4,5,6
1,2,3,4,5,6
1,2,3,4,5,6
1,2,3,4,5,6
1,2,3,4,5,6
1,2,3,4,5,6
1,2,3,4,5,6
1,2,3,4,5,6
1,2,3,4,5,6
1,2,3,4,5,6
1,2,3,4,5,6
1,2,3,4,5,6
1,2,3,4,5,6
1,2,3,4,5,6
1,2,3,4,5,6
1,2,3,4,5,6
1,2,3,4,5,6
1,2,3,4,5,6
1,2,3,4,5,6
1,2,3,4,5,6
1,2,3,4,5,6
1,2,3,4,5,6
1,2,3,4,5,6
1,2,3,4,5,6
1,2,3,4,5,6
1,2,3,4,5,6
1,2,3,4,5,6
1,2,3,4,5,6
1,2,3,4,5,6
1,2,3,4,5,6
1,2,3,4,5,6
1,2,3,4,5,6
1,2,3,4,5,6
1,2,3,4,5,6
1,2,3,4,5,6
1,2,3,4,5,6
1,2,3,4,5,6
1,2,3,4,5,6
1,2,3,4,5,6
1,2,3,4,5,6
1,2,3,4,5,6
1,2,3,4,5,6
1,2,3,4,5,6
1,2,3,4,5,6
1,2,3,4,5,6
1,2,3,4,5,6
1,2,3,4,5,6
1,2,3,4,5,6
1,2,3,4,5,6
1,2,3,4,5,6
1,2,3,4,5,6
1,2,3,4,5,6
1,2,3,4,5,6
1,2,3,4,5,6
1,2,3,4,5,6
1,2,3,4,5,6
1,2,3,4,5,6
1,2,3,4,5,6
1,2,3,4,5,6
1,2,3,4,5,6
1,2,3,4,5,6
1,2,3,4,5,6
1,2,3,4,5,6
1,2,3,4,5,6
1,2,3,4,5,6
1,2,3,4,5,6
1,2,3,4,5,6
1,2,3,4,5,6
1,2,3,4,5,6
1,2,3,4,5,6
1,2,3,4,5,6
1,2,3,4,5,6
1,2,3,4,5,6
1,2,3,4,5,6
1,2,3,4,5,6
1,2,3,4,5,6
1,2,3,4,5,6
1,2,3,4,5,6
1,2,3,4,5,6
1,2,3,4,5,6
1,2,3,4,5,6
1,2,3,4,5,6
1,2,3,4,5,6
1,2,3,4,5,6
1,2,3,4,5,6
1,2,3,4,5,6
1,2,3,4,5,6
1,2,3,4,5,6
1,2,3,4,5,6
1,2,3,4,5,6
1,2,3,4,5,6
1,2,3,4,5,6
1,2,3,4,5,6
1,2,3,4,5,6
1,2,3,4,5,6
1,2,3,4,5,6
1,2,3,4,5,6
1,2,3,4,5,6
1,2,3,4,5,6
1,2,3,4,5,6
1,2,3,4,5,6
1,2,3,4,5,6
1,2,3,4,5,6
1,2,3,4,5,6
1,2,3,4,5,6
1,2,3,4,5,6
1,2,3,4,5,6
1,2,3,4,5,6
end,,,,,end